{"imgWidth" : 473, "imgHeight" :472, "path" :[
[[137.996,187.27999877929688],[138,187.27999877929688],[139,187.27999877929688],[140,187.27999877929688],[142,187.27999877929688],[143,187.27999877929688],[145,187.27999877929688],[146,187.27999877929688],[148,187.27999877929688],[149,187.27999877929688],[150,187.27999877929688],[151,187.27999877929688],[152,187.27999877929688],[153,187.27999877929688],[154,187.27999877929688],[156,187.27999877929688],[157,187.27999877929688],[159,187.27999877929688],[161,187.27999877929688],[162,187.27999877929688],[163,187.27999877929688],[164,187.27999877929688],[165,187.27999877929688],[168,187.27999877929688],[170,187.27999877929688],[171,187.27999877929688],[172,187.27999877929688],[173,187.27999877929688],[174,187.27999877929688],[175,187.27999877929688],[176,187.27999877929688],[178,187.27999877929688],[181,187.27999877929688],[183,187.27999877929688],[187,187.27999877929688],[190,187.27999877929688],[192,187.27999877929688],[193,187.27999877929688],[194,187.27999877929688],[195,187.27999877929688],[196,187.27999877929688],[197,187.27999877929688],[198,187.27999877929688],[199,187.27999877929688],[203,187.27999877929688],[206,187.27999877929688],[210,187.27999877929688],[213,187.27999877929688],[214,187.27999877929688],[215,187.27999877929688],[216,187.27999877929688],[217,187.27999877929688],[218,187.27999877929688],[219.004,187.27999877929688]],
[[180,190.11028833007813],[180,190.11428833007812],[180,191.11428833007812],[180,192.11428833007812],[180,193.11428833007812],[180,194.11428833007812],[179,196.11428833007812],[179,200.11428833007812],[178,203.11428833007812],[178,206.11428833007812],[177,210.11428833007812],[176,213.11428833007812],[175,216.11428833007812],[175,218.11428833007812],[174,222.11428833007812],[172,224.11428833007812],[171,229.11428833007812],[169,232.11428833007812],[169,235.11428833007812],[166,239.11428833007812],[164,243.11428833007815],[163,246.11428833007812],[161,250.11428833007812],[157,256.1142883300781],[156,258.1142883300781],[154,261.1142883300781],[152,263.1142883300781],[150,265.1142883300781],[149,267.1142883300781],[147,269.1142883300781],[146,271.1142883300781],[144,272.1142883300781],[143,273.1142883300781],[143,274.1142883300781],[141,277.1142883300781],[139,277.1142883300781],[139,278.1142883300781],[138,278.1142883300781],[138,279.1142883300781],[136.996,279.1142883300781]],
[[178,197.11028833007813],[178,197.11428833007812],[178,198.11428833007812],[178,199.11428833007812],[178,200.11428833007812],[179,205.11428833007812],[180,210.11428833007812],[181,215.11428833007812],[182,221.11428833007812],[183,224.11428833007812],[185,228.11428833007812],[186,235.11428833007812],[188,238.11428833007812],[188,240.1142883300781],[189,243.11428833007815],[190,245.11428833007815],[191,248.11428833007812],[193,252.11428833007812],[197,259.1142883300781],[198,261.1142883300781],[199,263.1142883300781],[201,265.1142883300781],[201,266.1142883300781],[202,267.1142883300781],[202,268.1142883300781],[203,269.1142883300781],[204,270.1142883300781],[205,271.1142883300781],[206,271.1142883300781],[206,272.11828833007814]],
[[257.996,186.5999984741211],[258,186.5999984741211],[259,186.5999984741211],[260,186.5999984741211],[261,186.5999984741211],[262,186.5999984741211],[263,186.5999984741211],[264,186.5999984741211],[265,186.5999984741211],[266,186.5999984741211],[267,186.5999984741211],[268,186.5999984741211],[269,186.5999984741211],[270,186.5999984741211],[272,186.5999984741211],[273,186.5999984741211],[274,186.5999984741211],[275,186.5999984741211],[276,186.5999984741211],[277,186.5999984741211],[278,186.5999984741211],[280,186.5999984741211],[281,186.5999984741211],[282,186.5999984741211],[283,186.5999984741211],[284,186.5999984741211],[285,186.5999984741211],[286,186.5999984741211],[287,186.5999984741211],[288,186.5999984741211],[289,186.5999984741211],[290,186.5999984741211],[291,186.5999984741211],[292,186.5999984741211],[293,186.5999984741211],[294,186.5999984741211],[295,186.5999984741211],[296,186.5999984741211],[297,186.5999984741211],[298,186.5999984741211],[299,186.5999984741211],[300,186.5999984741211],[302,186.5999984741211],[303,186.5999984741211],[304,186.5999984741211],[305,186.5999984741211],[306,186.5999984741211],[307,186.5999984741211],[308,186.5999984741211],[309,186.5999984741211],[310,186.5999984741211],[312,186.5999984741211],[313,186.5999984741211],[314,186.5999984741211],[315,186.5999984741211],[316,186.5999984741211],[317,186.5999984741211],[318,186.5999984741211],[319,186.5999984741211],[320,186.5999984741211],[321,186.5999984741211],[322,186.5999984741211],[323,186.5999984741211],[324,186.5999984741211],[325,186.5999984741211],[326,186.5999984741211],[327,186.5999984741211],[328,186.5999984741211],[329,186.5999984741211],[330,186.5999984741211],[331,186.5999984741211],[332,186.5999984741211],[333,186.5999984741211],[334,186.5999984741211],[335,186.5999984741211],[336,186.5999984741211],[337,186.5999984741211],[338.004,186.5999984741211]],
[[295.999969889326,185.9959810791035],[295.999969889326,185.9999810791035],[295.999969889326,186.99998097737824],[295.999969889326,187.999980875653],[295.999969889326,189.99998067220247],[295.999969889326,191.999980468752],[295.999969889326,194.99998016357623],[295.999969889326,197.99997985840048],[294.9999699910512,199.99997965494998],[294.9999699910512,202.99997934977424],[292.99997019450177,205.99997904459846],[292.99997019450177,208.99997873942274],[290.9999703979522,213.9999782307965],[287.999970703128,224.99997711181874],[285.9999709065785,228.99997670491774],[282.99997121175426,235.99997599284097],[280.99997141520475,240.99997548421473],[278.99997161865525,245.99997497558846],[275.99997192383097,251.999974365237],[273.99997212728147,254.99997406006122],[272.9999722290067,257.99997375488545],[271.99997233073196,260.9999734497097],[268.99997263590774,263.999973144534],[267.99997273763296,267.99997273763296],[264.99997304280873,272.9999722290067],[263.999973144534,274.9999720255562],[262.99997324625923,274.9999720255562],[262.99997324625923,275.99997192383097],[261.99997334798445,276.9999718221057],[260.9959734497097,278.0039717203805]],
