{"imgWidth" : 472, "imgHeight" :472, "path" :[
[[201.9230476190476,171.18790220424108],[201.9230476190476,171.19190220424107],[201.9230476190476,229.31261104910715],[201.9230476190476,231.31184914434525],[201.9230476190476,233.31108723958332],[201.9230476190476,234.31070628720235],[201.9230476190476,235.3103253348214],[201.9230476190476,236.30994438244045],[201.9230476190476,238.30918247767858],[201.9230476190476,240.30842057291665],[201.9230476190476,242.30765866815474],[201.9230476190476,243.30727771577378],[201.9230476190476,246.3061348586309],[201.9230476190476,249.30499200148807],[201.9230476190476,250.30461104910714],[201.9230476190476,252.3038491443452],[201.9230476190476,253.30346819196427],[201.9230476190476,255.30270628720237],[201.9230476190476,256.30232533482143],[201.9230476190476,258.3015634300595],[201.9230476190476,260.30080152529763],[201.9230476190476,262.3000396205357],[201.9230476190476,263.29965866815473],[201.9230476190476,264.2992777157738],[201.9230476190476,265.29889676339286],[201.9230476190476,266.2985158110119],[201.9230476190476,268.29775390624997],[201.9230476190476,270.2969920014881],[201.9230476190476,271.2966110491071],[201.9230476190476,272.29623009672616],[201.9230476190476,273.29584914434525],[201.9230476190476,274.2954681919643],[201.9230476190476,275.2950872395833],[201.9230476190476,276.29470628720236],[201.9230476190476,278.29394438244043],[201.9230476190476,281.2928015252976],[201.9230476190476,284.29165866815475],[201.9230476190476,285.2912777157738],[201.9230476190476,286.2908967633928],[201.9230476190476,287.29051581101186],[201.9230476190476,288.29013485863095],[201.9230476190476,289.28975390625],[201.9230476190476,290.289372953869],[201.9230476190476,291.28899200148805],[201.9230476190476,292.2886110491071],[201.9230476190476,293.29223009672614]],
[[201.9190476190476,169.19266410900295],[201.9230476190476,169.19266410900295],[202.92266666666666,169.19266410900295],[203.9222857142857,169.19266410900295],[205.92152380952382,169.19266410900295],[207.9207619047619,169.19266410900295],[212.91885714285712,169.19266410900295],[218.91657142857142,169.19266410900295],[222.91504761904758,169.19266410900295],[227.91314285714284,169.19266410900295],[229.91238095238094,169.19266410900295],[231.91161904761904,169.19266410900295],[232.9112380952381,169.19266410900295],[233.91085714285714,169.19266410900295],[235.91009523809524,169.19266410900295],[237.9093333333333,169.19266410900295],[238.90895238095234,169.19266410900295],[239.9085714285714,169.19266410900295],[241.90780952380953,169.19266410900295],[243.9070476190476,169.19266410900295],[244.90666666666664,169.19266410900295],[247.90552380952377,169.19266410900295],[249.9047619047619,169.19266410900295],[251.904,169.19266410900295],[253.90323809523807,169.19266410900295],[254.90285714285713,169.19266410900295],[256.9020952380952,169.19266410900295],[257.90171428571426,169.19266410900295],[258.90133333333335,169.19266410900295],[259.9009523809524,169.19266410900295],[260.9005714285714,169.19266410900295],[261.90019047619046,169.19266410900295],[262.8998095238095,169.19266410900295],[263.89942857142853,169.19266410900295],[264.8990476190476,169.19266410900295],[265.89866666666666,169.19266410900295],[267.8979047619048,169.19266410900295],[268.8975238095238,169.19266410900295],[270.8967619047619,169.19266410900295],[272.89599999999996,169.19266410900295],[273.895619047619,169.19266410900295],[276.8944761904762,169.19266410900295],[279.89733333333334,169.19266410900295]],
[[203.9182857142857,231.1690450613839],[203.9222857142857,231.1690450613839],[204.92190476190473,231.1690450613839],[205.92152380952382,231.1690450613839],[206.92114285714285,231.1690450613839],[208.92038095238095,231.1690450613839],[210.91961904761902,231.1690450613839],[211.9192380952381,231.1690450613839],[213.91847619047616,231.1690450613839],[214.91809523809525,231.1690450613839],[221.91542857142855,231.1690450613839],[226.9135238095238,231.1690450613839],[232.9112380952381,231.1690450613839],[236.90971428571427,231.1690450613839],[240.90819047619047,231.1690450613839],[242.90742857142857,231.1690450613839],[244.90666666666664,231.1690450613839],[246.90590476190474,231.1690450613839],[251.904,231.1690450613839],[253.90323809523807,231.1690450613839],[254.90285714285713,231.1690450613839],[255.90247619047616,231.1690450613839],[256.9020952380952,231.1690450613839],[258.90133333333335,231.1690450613839],[259.9009523809524,231.1690450613839],[260.9005714285714,231.1690450613839],[261.90019047619046,231.1690450613839],[263.89942857142853,231.1690450613839],[264.8990476190476,231.1690450613839],[265.89866666666666,231.1690450613839],[266.8982857142857,231.1690450613839],[267.8979047619048,231.1690450613839],[268.90152380952384,231.1690450613839]]
]}