{"imgWidth" : 472, "imgHeight" :484, "path" :[
[[190.99598057047726,172.93331675889922],[190.99998057047725,172.93331675889922],[191.99998046875197,172.93331675889922],[192.99998036702675,172.93331675889922],[194.99998016357623,172.93331675889922],[197.99997985840048,172.93331675889922],[201.99997945149948,172.93331675889922],[206.9999789428732,172.93331675889922],[214.99997812907122,172.93331675889922],[221.99997741699448,172.93331675889922],[226.9999769083682,172.93331675889922],[228.9999767049177,172.93331675889922],[231.99997639974197,172.93331675889922],[233.00397629801674,172.93331675889922]],
[[167.995982910158,205.933313401966],[167.999982910158,205.933313401966],[168.99998280843272,205.933313401966],[169.9999827067075,205.933313401966],[172.99998240153175,205.933313401966],[175.999982096356,205.933313401966],[181.9999814860045,205.933313401966],[187.999980875653,205.933313401966],[193.99998026530147,205.933313401966],[198.99997975667523,205.933313401966],[201.99997945149948,205.933313401966],[203.99997924804896,205.933313401966],[206.9999789428732,205.933313401966],[208.99997873942272,205.933313401966],[210.99997853597225,205.933313401966],[212.99997833252175,205.933313401966],[217.99997782389548,205.933313401966],[219.99997762044498,205.933313401966],[221.99997741699448,205.933313401966],[224.99997711181874,205.933313401966],[227.999976806643,205.933313401966],[230.99997650146724,205.933313401966],[232.99997629801675,205.933313401966],[234.99997609456622,205.933313401966],[235.999975992841,205.933313401966],[236.99997589111572,205.933313401966],[238.99997568766523,205.933313401966],[239.99997558593998,205.933313401966],[240.99997548421473,205.933313401966],[242.99997528076423,205.933313401966],[243.99997517903896,205.933313401966],[244.99997507731374,205.933313401966],[245.9999749755885,205.933313401966],[246.9999748738632,205.933313401966],[247.999974772138,205.933313401966],[248.9999746704127,205.933313401966],[249.9999745686875,205.933313401966],[250.99997446696224,205.933313401966],[251.99997436523697,205.933313401966],[252.99997426351175,205.933313401966],[254.00397416178646,205.933313401966]],
[[214,207.1959969482422],[214,207.1999969482422],[214,208.1999969482422],[214,209.1999969482422],[214,210.1999969482422],[214,212.1999969482422],[213,214.1999969482422],[213,218.1999969482422],[211,226.1999969482422],[210,232.1999969482422],[209,239.1999969482422],[206,245.1999969482422],[203,253.1999969482422],[198,262.1999969482422],[190,273.1999969482422],[174,290.1999969482422],[168,295.1999969482422],[164.996,297.2039969482422]],
[[212.996,218.1959969482422],[213,218.1999969482422],[213,220.1999969482422],[214,223.1999969482422],[214,228.1999969482422],[216,235.1999969482422],[217,242.1999969482422],[220,250.1999969482422],[222,257.1999969482422],[225,263.1999969482422],[229,270.1999969482422],[234,277.1999969482422],[239,284.1999969482422],[243,290.1999969482422],[251,296.1999969482422],[253.004,297.2039969482422]],
[[291.999970296227,171.32931844753838],[291.999970296227,171.33331844753837],[291.999970296227,204.66665093316132],[291.999970296227,205.66665083143607],[291.999970296227,206.66665072971082],[291.999970296227,239.9999908447275],[291.999970296227,240.99999074300223],[291.999970296227,241.999990641277],[291.999970296227,242.99999053955173],[291.999970296227,243.99999043782648],[291.999970296227,245.06665597873373],[291.999970296227,278.33331519233036],[291.999970296227,279.33331509060514],[291.999970296227,280.3333149888799],[291.999970296227,281.33331488715464],[291.999970296227,315.6666549004461],[291.999970296227,316.6666547987208],[291.999970296227,317.6666546969956],[291.999970296227,318.6666545952703],[291.999970296227,319.6666544935451],[291.999970296227,320.66665439181986],[291.999970296227,321.6666542900945],[291.999970296227,322.6666541883693],[291.999970296227,323.6666540866441],[291.999970296227,324.6666539849188],[291.999970296227,325.6666538831936],[291.999970296227,326.6666537814683],[291.999970296227,327.66665367974304],[291.999970296227,328.6666535780178],[291.999970296227,329.6706534762926]],
[[292.9959701945017,249.66664635552507],[292.9999701945017,249.66664635552507],[293.99997009277644,249.66664635552507],[296.9999697876007,249.66664635552507],[299.99996948242494,249.66664635552507],[302.9999691772492,249.66664635552507],[306.99996877034823,249.66664635552507],[313.99996805827146,249.66664635552507],[316.9999677530957,249.66664635552507],[318.9999675496452,249.66664635552507],[320.99996734619475,249.66664635552507],[322.9999671427442,249.66664635552507],[324.9999669392937,249.66664635552507],[326.99996673584326,249.66664635552507],[328.00396663411794,249.66664635552507]]
]}