{"imgWidth" : 472, "imgHeight" :473, "path" :[
[[177.90106666666668,167.11082742919925],[177.90506666666667,167.11082742919925],[178.90453333333335,167.11082742919925],[180.90346666666667,167.11082742919925],[182.90240000000003,167.11082742919925],[184.90133333333335,167.11082742919925],[186.90026666666668,167.11082742919925],[188.8992,167.11082742919925],[189.89866666666666,167.11082742919925],[190.89813333333333,167.11082742919925],[191.8976,167.11082742919925],[192.89706666666666,167.11082742919925],[193.89653333333334,167.11082742919925],[194.89600000000002,167.11082742919925],[195.89546666666666,167.11082742919925],[196.89493333333334,167.11082742919925],[198.89386666666667,167.11082742919925],[199.89333333333335,167.11082742919925],[200.8928,167.11082742919925],[202.89173333333332,167.11082742919925],[203.89120000000003,167.11082742919925],[204.89066666666668,167.11082742919925],[205.89013333333335,167.11082742919925],[206.8896,167.11082742919925],[207.88906666666668,167.11082742919925],[208.88853333333333,167.11082742919925],[209.88800000000003,167.11082742919925],[210.88746666666665,167.11082742919925],[211.88693333333336,167.11082742919925],[213.8858666666667,167.11082742919925],[215.8848,167.11082742919925],[216.88426666666666,167.11082742919925],[217.88373333333337,167.11082742919925],[218.88320000000002,167.11082742919925],[220.88213333333334,167.11082742919925],[221.88160000000002,167.11082742919925],[222.88106666666667,167.11082742919925],[223.88053333333337,167.11082742919925],[224.88000000000002,167.11082742919925],[225.87946666666667,167.11082742919925],[226.87893333333335,167.11082742919925],[228.87786666666668,167.11082742919925],[230.87680000000003,167.11082742919925],[231.87626666666665,167.11082742919925],[232.87573333333336,167.11082742919925],[233.8752,167.11082742919925],[236.8736,167.11082742919925],[237.87306666666666,167.11082742919925],[238.87253333333337,167.11082742919925],[239.872,167.11082742919925],[240.8714666666667,167.11082742919925],[241.87093333333334,167.11082742919925],[242.87040000000002,167.11082742919925],[243.86986666666667,167.11082742919925],[244.86933333333337,167.11082742919925],[245.86880000000002,167.11082742919925],[245.86880000000002,168.1102940958659],[245.86880000000002,169.10976076253257],[245.86880000000002,170.10922742919925],[245.86880000000002,171.1086940958659],[244.86933333333337,171.1086940958659],[244.86933333333337,172.10816076253255],[244.86933333333337,173.10762742919923],[243.86986666666667,173.10762742919923],[243.86986666666667,174.10709409586588],[243.86986666666667,175.10656076253255],[242.87040000000002,176.10602742919923],[242.87040000000002,177.10549409586588],[241.87093333333334,178.10496076253256],[240.8714666666667,179.10442742919923],[239.872,181.10336076253256],[238.87253333333337,182.10282742919924],[238.87253333333337,183.1022940958659],[237.87306666666666,184.10176076253256],[236.8736,185.10122742919924],[235.87413333333333,186.1006940958659],[234.87466666666668,187.10016076253257],[234.87466666666668,188.09962742919924],[233.8752,189.0990940958659],[232.87573333333336,190.09856076253257],[232.87573333333336,191.09802742919925],[231.87626666666665,193.09696076253258],[227.8784,197.09482742919923],[226.87893333333335,199.09376076253255],[224.88000000000002,201.09269409586588],[222.88106666666667,203.09162742919924],[221.88160000000002,204.0910940958659],[220.88213333333334,206.09002742919924],[217.88373333333337,208.0889607625326],[215.8848,211.08736076253257],[213.8858666666667,213.0862940958659],[212.8864,214.08576076253254],[210.88746666666665,216.08469409586587],[208.88853333333333,218.08362742919923],[203.89120000000003,222.08149409586588],[202.89173333333332,223.08096076253258],[200.8928,225.0798940958659],[199.89333333333335,226.07936076253256],[197.89440000000002,227.07882742919924],[195.89546666666666,228.07829409586589],[194.89600000000002,229.0777607625326],[192.89706666666666,230.07722742919924],[191.8976,231.07669409586592],[190.89813333333333,231.07669409586592],[189.89866666666666,232.07616076253257],[187.89973333333333,233.07562742919924],[186.90026666666668,233.07562742919924],[186.90026666666668,234.0750940958659],[184.90133333333335,235.07456076253254],[183.90186666666668,236.07402742919925],[182.89840000000004,236.07402742919925]],
[[294.8426666666667,154.11376076253256],[294.8426666666667,154.11776076253255],[294.8426666666667,155.11722742919923],[294.8426666666667,156.11669409586588],[294.8426666666667,157.11616076253256],[294.8426666666667,158.11562742919924],[294.8426666666667,159.11509409586589],[294.8426666666667,160.11456076253256],[294.8426666666667,161.11402742919924],[294.8426666666667,163.11296076253257],[294.8426666666667,165.1118940958659],[294.8426666666667,166.11136076253257],[294.8426666666667,167.11082742919925],[294.8426666666667,169.10976076253257],[294.8426666666667,170.10922742919925],[294.8426666666667,171.1086940958659],[294.8426666666667,173.10762742919923],[294.8426666666667,174.10709409586588],[294.8426666666667,175.10656076253255],[294.8426666666667,176.10602742919923],[294.8426666666667,177.10549409586588],[294.8426666666667,180.10389409586588],[294.8426666666667,181.10336076253256],[294.8426666666667,182.10282742919924],[294.8426666666667,183.1022940958659],[294.8426666666667,184.10176076253256],[294.8426666666667,185.10122742919924],[294.8426666666667,186.1006940958659],[294.8426666666667,188.09962742919924],[294.8426666666667,190.09856076253257],[294.8426666666667,192.0974940958659],[294.8426666666667,193.09696076253258],[294.8426666666667,194.09642742919925],[294.8426666666667,195.0958940958659],[294.8426666666667,197.09482742919923],[294.8426666666667,199.09376076253255],[294.8426666666667,200.09322742919923],[294.8426666666667,201.09269409586588],[294.8426666666667,202.0921607625326],[294.8426666666667,205.09056076253256],[294.8426666666667,206.09002742919924],[294.8426666666667,208.0889607625326],[294.8426666666667,209.08842742919924],[294.8426666666667,211.08736076253257],[294.8426666666667,212.08682742919922],[294.8426666666667,214.08576076253254],[294.8426666666667,215.08522742919925],[294.8426666666667,216.08469409586587],[294.8426666666667,218.08362742919923],[294.8426666666667,219.0830940958659],[294.8426666666667,221.08202742919923],[294.8426666666667,222.08149409586588],[294.8426666666667,224.08042742919923],[294.8426666666667,226.07936076253256],[294.8426666666667,227.07882742919924],[294.8426666666667,228.07829409586589],[294.8426666666667,229.0777607625326],[294.8426666666667,230.07722742919924],[294.8426666666667,231.07669409586592],[294.8426666666667,232.07616076253257],[294.8426666666667,233.07562742919924],[294.8426666666667,234.0750940958659],[294.8426666666667,235.07456076253254],[294.8426666666667,237.07349409586587],[294.8426666666667,238.07696076253256]],
[[293.8392,201.09269409586588],[293.8432,201.09269409586588],[294.8426666666667,201.09269409586588],[296.8416,201.09269409586588],[297.8410666666667,201.09269409586588],[300.8394666666667,201.09269409586588],[301.83893333333333,201.09269409586588],[302.8384,201.09269409586588],[305.83680000000004,201.09269409586588],[306.8362666666667,201.09269409586588],[307.83573333333334,201.09269409586588],[308.8352,201.09269409586588],[310.83413333333334,201.09269409586588],[313.83253333333334,201.09269409586588],[315.8314666666667,201.09269409586588],[316.83093333333335,201.09269409586588],[317.83040000000005,201.09269409586588],[318.8298666666667,201.09269409586588],[320.8288,201.09269409586588],[321.8282666666667,201.09269409586588],[322.82773333333336,201.09269409586588],[323.82720000000006,201.09269409586588],[324.8266666666667,201.09269409586588],[325.82613333333336,201.09269409586588],[326.8256,201.09269409586588],[327.8290666666667,201.09269409586588]],
