{"imgWidth" : 473, "imgHeight" :472, "path" :[
[[236.91371428571426,185.1694226190476],[236.90971428571427,185.1694226190476],[235.91009523809524,185.1694226190476],[234.91047619047617,185.1694226190476],[233.91085714285714,185.1694226190476],[232.9112380952381,185.1694226190476],[231.91161904761904,185.1694226190476],[230.91199999999998,185.1694226190476],[229.91238095238094,185.1694226190476],[228.91276190476188,185.1694226190476],[227.91314285714284,185.1694226190476],[226.9135238095238,185.1694226190476],[224.9142857142857,185.1694226190476],[223.91466666666668,185.1694226190476],[222.91504761904758,185.1694226190476],[221.91542857142855,185.1694226190476],[220.91580952380951,185.1694226190476],[219.91619047619045,185.1694226190476],[218.91657142857142,185.1694226190476],[217.91695238095238,185.1694226190476],[216.91733333333332,185.1694226190476],[214.91809523809525,186.16904166666666],[213.91847619047616,186.16904166666666],[212.91885714285712,186.16904166666666],[211.9192380952381,186.16904166666666],[210.91961904761902,186.16904166666666],[209.92,186.16904166666666],[208.92038095238095,187.16866071428572],[207.9207619047619,187.16866071428572],[206.92114285714285,187.16866071428572],[205.92152380952382,187.16866071428572],[204.92190476190473,187.16866071428572],[203.9222857142857,187.16866071428572],[202.92266666666666,188.16827976190476],[201.9230476190476,188.16827976190476],[200.92342857142856,188.16827976190476],[199.92380952380952,189.1678988095238],[198.92419047619046,189.1678988095238],[196.9249523809524,189.1678988095238],[195.9253333333333,189.1678988095238],[194.92571428571426,190.16751785714285],[193.92609523809523,190.16751785714285],[192.92647619047617,190.16751785714285],[192.92647619047617,191.1671369047619],[191.92685714285713,191.1671369047619],[190.9272380952381,191.1671369047619],[188.928,191.1671369047619],[187.92838095238093,192.16675595238092],[186.92876190476187,193.166375],[185.92914285714284,193.166375],[184.9295238095238,193.166375],[183.92990476190474,194.16599404761905],[182.9302857142857,194.16599404761905],[181.93066666666667,195.1656130952381],[180.93104761904763,195.1656130952381],[179.93142857142857,196.16523214285715],[178.9318095238095,197.16485119047618],[177.93219047619044,198.16447023809522],[176.9325714285714,198.16447023809522],[175.93295238095237,199.16408928571428],[174.93333333333334,199.16408928571428],[174.93333333333334,200.16370833333332],[173.93371428571427,200.16370833333332],[172.93409523809524,201.16332738095235],[171.9344761904762,202.16294642857142],[170.93485714285714,203.16256547619048],[169.93523809523808,203.16256547619048],[168.935619047619,203.16256547619048],[168.935619047619,204.16218452380951],[167.93599999999998,204.16218452380951],[167.93599999999998,205.16180357142858],[166.93638095238094,205.16180357142858],[166.93638095238094,206.1614226190476],[165.9367619047619,206.1614226190476],[164.93714285714285,207.16104166666665],[164.93714285714285,208.1606607142857],[163.9375238095238,208.1606607142857],[163.9375238095238,209.16027976190475],[162.93790476190478,209.16027976190475],[162.93790476190478,210.15989880952378],[161.9382857142857,211.15951785714282],[161.9382857142857,212.1591369047619],[160.93866666666665,212.1591369047619],[160.93866666666665,213.15875595238094],[159.9390476190476,213.15875595238094],[159.9390476190476,214.158375],[158.93942857142855,215.15799404761904],[158.93942857142855,216.15761309523808],[157.93980952380952,217.1572321428571],[157.93980952380952,218.15685119047617],[156.94019047619048,219.1564702380952],[156.94019047619048,220.15608928571424],[155.94057142857142,221.15570833333334],[155.94057142857142,222.15532738095237],[154.94095238095238,223.1549464285714],[154.94095238095238,224.15456547619047],[154.94095238095238,225.1541845238095],[153.94133333333335,225.1541845238095],[153.94133333333335,226.15380357142854],[153.94133333333335,227.1534226190476],[153.94133333333335,228.15304166666664],[152.94171428571426,228.15304166666664],[152.94171428571426,229.1526607142857],[152.94171428571426,230.15227976190477],[152.94171428571426,231.1518988095238],[152.94171428571426,232.15151785714284],[152.94171428571426,233.1511369047619],[152.94171428571426,234.15075595238093],[152.94171428571426,235.15037499999997],[152.94171428571426,236.14999404761903],[152.94171428571426,237.14961309523807],[152.94171428571426,238.14923214285713],[152.94171428571426,239.1488511904762],[152.94171428571426,240.14847023809523],[152.94171428571426,241.14808928571426],[152.94171428571426,242.14770833333333],[152.94171428571426,243.14732738095236],[152.94171428571426,244.1469464285714],[152.94171428571426,245.14656547619046],[153.94133333333335,245.14656547619046],[153.94133333333335,246.1461845238095],[153.94133333333335,247.14580357142856],[153.94133333333335,248.14542261904762],[153.94133333333335,249.14504166666666],[154.94095238095238,249.14504166666666],[154.94095238095238,250.1446607142857],[154.94095238095238,251.14427976190476],[154.94095238095238,252.1438988095238],[155.94057142857142,252.1438988095238],[155.94057142857142,253.14351785714283],[155.94057142857142,254.1431369047619],[156.94019047619048,254.1431369047619],[156.94019047619048,255.14275595238092],[157.93980952380952,256.142375],[158.93942857142855,258.1416130952381],[159.9390476190476,259.1412321428571],[160.93866666666665,260.14085119047616],[160.93866666666665,261.1404702380952],[161.9382857142857,261.1404702380952],[161.9382857142857,262.1400892857143],[162.93790476190478,263.1397083333333],[163.9375238095238,263.1397083333333],[164.93714285714285,265.13894642857144],[164.93714285714285,266.1385654761905],[165.9367619047619,266.1385654761905],[165.9367619047619,267.1381845238095],[166.93638095238094,268.13780357142855],[167.93599999999998,269.1374226190476],[168.935619047619,269.1374226190476],[168.935619047619,270.1370416666666],[169.93523809523808,270.1370416666666],[169.93523809523808,271.1366607142857],[170.93485714285714,271.1366607142857],[170.93485714285714,272.13627976190475],[171.9344761904762,272.13627976190475],[171.9344761904762,273.1358988095238],[172.93409523809524,273.1358988095238],[174.93333333333334,274.1355178571429],[175.93295238095237,274.1355178571429],[175.93295238095237,275.1351369047619],[176.9325714285714,275.1351369047619],[177.93219047619044,275.1351369047619],[178.9318095238095,276.13475595238094],[179.93142857142857,276.13475595238094],[180.93104761904763,276.13475595238094],[180.93104761904763,277.134375],[181.93066666666667,277.134375],[182.9302857142857,277.134375],[183.92990476190474,278.133994047619],[184.9295238095238,278.133994047619],[185.92914285714284,278.133994047619],[186.92876190476187,278.133994047619],[187.92838095238093,279.13361309523805],[189.92761904761903,279.13361309523805],[190.9272380952381,279.13361309523805],[191.92685714285713,279.13361309523805],[192.92647619047617,279.13361309523805],[193.92609523809523,279.13361309523805],[193.92609523809523,280.13323214285714],[194.92571428571426,280.13323214285714],[195.9253333333333,280.13323214285714],[196.9249523809524,280.13323214285714],[197.92457142857143,280.13323214285714],[198.92419047619046,280.13323214285714],[199.92380952380952,281.1328511904762],[200.92342857142856,281.1328511904762],[201.9230476190476,281.1328511904762],[202.92266666666666,281.1328511904762],[203.9222857142857,281.1328511904762],[204.92190476190473,281.1328511904762],[206.92114285714285,282.1324702380952],[207.9207619047619,282.1324702380952],[208.92038095238095,282.1324702380952],[210.91961904761902,282.1324702380952],[211.9192380952381,283.13208928571424],[212.91885714285712,283.13208928571424],[213.91847619047616,283.13208928571424],[214.91809523809525,283.13208928571424],[216.91733333333332,283.13208928571424],[217.91695238095238,283.13208928571424],[217.91695238095238,284.1317083333333],[218.91657142857142,284.1317083333333],[220.91580952380951,284.1317083333333],[221.91542857142855,284.1317083333333],[222.91504761904758,