{"imgWidth" : 472, "imgHeight" :484, "path" :[
[[162.996,184.8000030517578],[163,184.8000030517578],[164,184.8000030517578],[165,184.8000030517578],[166,184.8000030517578],[167,184.8000030517578],[169,184.8000030517578],[171,184.8000030517578],[173,184.8000030517578],[174,184.8000030517578],[177,184.8000030517578],[182,184.8000030517578],[186,184.8000030517578],[188,184.8000030517578],[190,184.8000030517578],[191,184.8000030517578],[192,184.8000030517578],[193,184.8000030517578],[195,184.8000030517578],[197,184.8000030517578],[199,184.8000030517578],[200,184.8000030517578],[202,184.8000030517578],[206,184.8000030517578],[208,184.8000030517578],[209,184.8000030517578],[210,184.8000030517578],[211,184.8000030517578],[212,184.8000030517578],[213,184.8000030517578],[214,184.8000030517578],[216,184.8000030517578],[217,184.8000030517578],[218,184.8000030517578],[219,184.8000030517578],[221,184.8000030517578],[222,184.8000030517578],[223,184.8000030517578],[224,184.8000030517578],[225,184.8000030517578],[226,184.8000030517578],[227,184.8000030517578],[228,184.8000030517578],[229,184.8000030517578],[230,184.8000030517578],[230,185.8000030517578],[230,186.8000030517578],[230,187.8000030517578],[230,188.8000030517578],[230,189.8000030517578],[230,190.8000030517578],[230,192.8000030517578],[230,193.8000030517578],[230,194.8000030517578],[230,195.8000030517578],[230,196.8000030517578],[230,197.8000030517578],[230,198.8000030517578],[230,199.8000030517578],[230,200.8000030517578],[229,201.8000030517578],[229,202.8000030517578],[229,203.8000030517578],[229,205.8000030517578],[229,206.8000030517578],[228,206.8000030517578],[228,208.8000030517578],[228,210.8000030517578],[227,211.8000030517578],[227,212.8000030517578],[227,213.8000030517578],[227,214.8000030517578],[227,215.8000030517578],[226,216.8000030517578],[226,218.8000030517578],[226,219.8000030517578],[226,220.8000030517578],[226,221.8000030517578],[225,222.8000030517578],[225,223.8000030517578],[224,224.8000030517578],[224,225.8000030517578],[224,226.8000030517578],[224,227.8000030517578],[223,229.8000030517578],[222,230.8000030517578],[222,232.8000030517578],[222,234.8000030517578],[221,235.8000030517578],[220,237.8000030517578],[220,238.8000030517578],[219,240.8000030517578],[219,241.8000030517578],[218,242.8000030517578],[218,244.8000030517578],[217,246.8000030517578],[216,247.8000030517578],[216,248.8000030517578],[215,249.8000030517578],[215,250.8000030517578],[214,251.8000030517578],[213,252.8000030517578],[212,254.8000030517578],[211,256.8000030517578],[211,257.8000030517578],[210,258.8000030517578],[207,262.8000030517578],[205,264.8000030517578],[204,266.8000030517578],[203,267.8000030517578],[202,268.8000030517578],[201,270.8000030517578],[200,271.8000030517578],[199,272.8000030517578],[198,273.8000030517578],[197,274.8000030517578],[196,275.8000030517578],[191,279.8000030517578],[190,279.8000030517578],[190,280.8000030517578],[189,280.8000030517578],[188,281.8000030517578],[186,283.8000030517578],[184,284.8000030517578],[183,285.8000030517578],[182,286.8000030517578],[181,286.8000030517578],[179,287.8000030517578],[177,288.8000030517578],[174,289.8000030517578],[174,290.8000030517578],[172.996,291.80400305175783]],
[[293,170.996],[293,171],[293,172],[293,173],[293,175.239990234375],[293,177.3199920654297],[293,180.87998962402344],[293,186.63999938964844],[293,189.67999267578125],[293,193.0399932861328],[293,214],[293,235.59999084472656],[293,238.1999969482422],[293,240.44000244140625],[293,276.2799987792969],[293,281.239990234375],[293,316],[293,317],[293,318],[293,319],[293,320],[293,321],[293,322],[293,323],[293,324.004]],
[[293.996,250],[294,250],[295,251],[296,251],[297,251],[298,251],[299,251],[300,251],[301,251],[302,251],[303,251],[304,251],[305,251],[306,251],[307,251],[308,251],[310,251],[311,251],[314,251],[315,251],[317,251],[319,251],[320,251],[321,251],[322,251],[323,251],[325.004,251]]
]}