{"imgWidth" : 472, "imgHeight" :484, "path" :[
[[203.8911792591167,178.1675841703711],[203.8911792591167,178.1715841703711],[203.8911792591167,179.17105073536678],[203.8911792591167,181.1699838653581],[203.8911792591167,183.16891699534943],[203.8911792591167,185.16785012534078],[202.89171269412103,189.16571638532346],[202.89171269412103,193.16358264530615],[201.89224612912537,198.1609154702845],[201.89224612912537,203.15824829526284],[200.89277956412968,208.15558112024118],[199.89331299913403,214.1523805102152],[198.89384643413837,219.14971333519355],[195.89544673915134,231.14331211514158],[192.89704704416434,239.13904463510696],[189.8986473491773,244.1363774600853],[187.89971421918597,250.13317685005933],[182.90238139420765,261.12730906501173],[178.90451513422497,268.1235750199814],[175.90611543923794,273.12090784495973],[173.9071823092466,278.11824066993813],[171.90824917925525,281.1166403649251],[168.90984948426825,285.1145066249078],[166.9109163542769,290.11183944988613],[163.91251665928988,295.1091722748645],[160.9141169643029,298.1075719698515],[160.9141169643029,299.10703853484716],[160.9141169643029,300.1065050998428],[159.91065039930723,301.10997166483855]],
[[201.89224612912537,209.15104768523688],[201.89224612912537,209.15504768523687],[201.89224612912537,210.15451425023252],[201.89224612912537,211.1539808152282],[201.89224612912537,214.1523805102152],[201.89224612912537,217.15078020520224],[202.89171269412103,220.14917990018924],[203.8911792591167,224.14704616017193],[206.8895789541037,230.14384555014595],[208.88851208409505,237.1401115051156],[214.88531147406906,251.132643415055],[216.8842446040604,256.12997624003333],[220.88211086404309,262.1267756300074],[223.88051055903014,268.1235750199814],[227.87837681901277,274.12037440995545],[231.87624307899546,280.11717379992945],[235.87410933897814,285.1145066249078],[237.8730424689695,288.1129063198948],[239.87197559896083,291.1113060148818],[240.87144216395652,293.11023914487316],[241.87490872895216,295.1131722748645]],
[[292.8437333333334,169.70544305013024],[292.8437333333334,169.70944305013023],[292.8437333333334,219.68277638346356],[292.8437333333334,220.6822430501302],[292.8437333333334,245.66890971679686],[292.8437333333334,246.66837638346357],[292.8437333333334,271.65504305013025],[292.8437333333334,272.6545097167969],[292.8437333333334,321.62837638346355],[292.8437333333334,320.6289097167969],[292.8437333333334,319.62944305013025],[292.8437333333334,320.6289097167969],[292.8437333333334,321.62837638346355],[292.8437333333334,322.6278430501302],[292.8437333333334,323.6273097167969],[292.8437333333334,324.62677638346355],[292.8437333333334,325.62624305013026],[292.8437333333334,326.6257097167969],[292.8437333333334,327.62517638346355],[292.8437333333334,328.6246430501302],[292.8437333333334,329.6241097167969],[292.8437333333334,330.6275763834636]],
[[292.83973333333336,249.66677638346354],[292.8437333333334,249.66677638346354],[293.8432,249.66677638346354],[294.8426666666667,249.66677638346354],[295.8421333333333,250.66624305013025],[296.8416,250.66624305013025],[297.8410666666667,250.66624305013025],[298.8405333333334,250.66624305013025],[299.84000000000003,250.66624305013025],[302.8384,250.66624305013025],[303.8378666666667,250.66624305013025],[304.83733333333333,250.66624305013025],[305.83680000000004,250.66624305013025],[306.8362666666667,250.66624305013025],[307.83573333333334,250.66624305013025],[308.8352,250.66624305013025],[310.83413333333334,250.66624305013025],[311.83360000000005,250.66624305013025],[312.8330666666667,250.66624305013025],[313.83253333333334,250.66624305013025],[314.832,250.66624305013025],[315.8314666666667,250.66624305013025],[316.83093333333335,250.66624305013025],[317.83040000000005,250.66624305013025],[318.8298666666667,250.66624305013025],[319.82933333333335,250.66624305013025],[320.8288,250.66624305013025],[321.8282666666667,250.66624305013025],[322.8317333333334,250.66624305013025]]
]}