{"imgWidth" : 473, "imgHeight" :472, "path" :[
[[196.996,169.36000061035156],[197,169.36000061035156],[198,169.36000061035156],[199,169.36000061035156],[200,169.36000061035156],[201,169.36000061035156],[202,169.36000061035156],[203,169.36000061035156],[204,169.36000061035156],[205,169.36000061035156],[206,169.36000061035156],[207,169.36000061035156],[208,169.36000061035156],[209,169.36000061035156],[211,169.36000061035156],[213,169.36000061035156],[214,169.36000061035156],[215,169.36000061035156],[216,169.36000061035156],[217,169.36000061035156],[218,169.36000061035156],[219,169.36000061035156],[220,169.36000061035156],[221,169.36000061035156],[222,169.36000061035156],[223,169.36000061035156],[224,169.36000061035156],[225,169.36000061035156],[226,169.36000061035156],[227,169.36000061035156],[229,169.36000061035156],[230,169.36000061035156],[231,169.36000061035156],[232,169.36000061035156],[233,169.36000061035156],[235,169.36000061035156],[236,169.36000061035156],[237,169.36000061035156],[238,169.36000061035156],[239,169.36000061035156],[241,169.36000061035156],[242,169.36000061035156],[243,169.36000061035156],[244,169.36000061035156],[245,169.36000061035156],[246,169.36000061035156],[248,169.36000061035156],[251,169.36000061035156],[252,169.36000061035156],[253,169.36000061035156],[254,169.36000061035156],[255,169.36000061035156],[256,169.36000061035156],[257,169.36000061035156],[259,169.36000061035156],[260,169.36000061035156],[261,169.36000061035156],[262,169.36000061035156],[263,169.36000061035156],[265,169.36000061035156],[266,169.36000061035156],[268,169.36000061035156],[269,169.36000061035156],[270,169.36000061035156],[271,169.36000061035156],[272,169.36000061035156],[273,169.36000061035156],[277,169.36000061035156],[281.004,169.36000061035156]],
[[150.996,209.36000061035156],[151,209.36000061035156],[152,209.36000061035156],[153,209.36000061035156],[154,209.36000061035156],[156,209.36000061035156],[157,209.36000061035156],[158,209.36000061035156],[159,209.36000061035156],[160,209.36000061035156],[162,209.36000061035156],[163,209.36000061035156],[165,209.36000061035156],[166,209.36000061035156],[168,209.36000061035156],[170,209.36000061035156],[172,209.36000061035156],[173,209.36000061035156],[174,209.36000061035156],[175,209.36000061035156],[177,209.36000061035156],[178,209.36000061035156],[179,209.36000061035156],[181,209.36000061035156],[182,209.36000061035156],[183,209.36000061035156],[185,209.36000061035156],[186,209.36000061035156],[187,209.36000061035156],[189,209.36000061035156],[190,209.36000061035156],[191,209.36000061035156],[192,209.36000061035156],[194,209.36000061035156],[195,209.36000061035156],[196,209.36000061035156],[197,209.36000061035156],[199,209.36000061035156],[200,209.36000061035156],[201,209.36000061035156],[202,209.36000061035156],[203,209.36000061035156],[204,209.36000061035156],[206,209.36000061035156],[207,209.36000061035156],[208,209.36000061035156],[209,209.36000061035156],[210,209.36000061035156],[211,209.36000061035156],[213,209.36000061035156],[214,209.36000061035156],[215,209.36000061035156],[218,209.36000061035156],[221,209.36000061035156],[223,209.36000061035156],[226,209.36000061035156],[227,209.36000061035156],[228,209.36000061035156],[229,209.36000061035156],[230,209.36000061035156],[232,209.36000061035156],[233,209.36000061035156],[235,209.36000061035156],[236,209.36000061035156],[237,209.36000061035156],[238,209.36000061035156],[239,209.36000061035156],[240,209.36000061035156],[241,209.36000061035156],[242,209.36000061035156],[243,209.36000061035156],[244,209.36000061035156],[245,209.36000061035156],[246,209.36000061035156],[247,209.36000061035156],[248,209.36000061035156],[249,209.36000061035156],[251,209.36000061035156],[253,209.36000061035156],[255,209.36000061035156],[256,209.36000061035156],[257,209.36000061035156],[258,209.36000061035156],[259,209.36000061035156],[260,209.36000061035156],[261,209.36000061035156],[262,209.36000061035156],[263,209.36000061035156],[264,209.36000061035156],[265,209.36000061035156],[266,209.36000061035156],[267,209.36000061035156],[268,209.36000061035156],[269,209.36000061035156],[270,209.36000061035156],[271,209.36000061035156],[272,209.36000061035156],[274,209.36000061035156],[275,209.36000061035156],[276,209.36000061035156],[277,209.36000061035156],[278,209.36000061035156],[279,209.36000061035156],[280,209.36000061035156],[281,209.36000061035156],[283,209.36000061035156],[285,209.36000061035156],[286,209.36000061035156],[287,209.36000061035156],[288,209.36000061035156],[289,209.36000061035156],[290,209.36000061035156],[291,209.36000061035156],[292,209.36000061035156],[294,209.36000061035156],[299,209.36000061035156],[301,209.36000061035156],[302,209.36000061035156],[303,209.36000061035156],[304,209.36000061035156],[305,209.36000061035156],[306,209.36000061035156],[308,209.36000061035156],[309,209.36000061035156],[310,209.36000061035156],[312,209.36000061035156],[314,209.36000061035156],[315,209.36000061035156],[316,209.36000061035156],[317,209.36000061035156],[319,209.36000061035156],[320,209.36000061035156],[321,209.36000061035156],[322,209.36000061035156],[323,209.36000061035156],[325,209.36000061035156],[326,209.36000061035156],[328,209.36000061035156],[331.004,209.36000061035156]],
