{"imgWidth" : 472, "imgHeight" :484, "path" :[
[[198.92819047619045,174.93333333333334],[198.92419047619046,174.93333333333334],[197.92457142857143,174.93333333333334],[195.9253333333333,174.93333333333334],[194.92571428571426,174.93333333333334],[192.92647619047617,174.93333333333334],[191.92685714285713,174.93333333333334],[190.9272380952381,175.93295238095237],[189.92761904761903,175.93295238095237],[188.928,175.93295238095237],[187.92838095238093,175.93295238095237],[186.92876190476187,176.9325714285714],[185.92914285714284,177.93219047619044],[184.9295238095238,177.93219047619044],[183.92990476190474,177.93219047619044],[183.92990476190474,178.9318095238095],[182.9302857142857,178.9318095238095],[182.9302857142857,179.93142857142857],[181.93066666666667,179.93142857142857],[180.93104761904763,179.93142857142857],[180.93104761904763,180.93104761904763],[180.93104761904763,181.93066666666667],[179.93142857142857,181.93066666666667],[178.9318095238095,181.93066666666667],[177.93219047619044,182.9302857142857],[176.9325714285714,182.9302857142857],[176.9325714285714,183.92990476190474],[175.93295238095237,183.92990476190474],[174.93333333333334,184.9295238095238],[174.93333333333334,185.92914285714284],[173.93371428571427,185.92914285714284],[172.93409523809524,185.92914285714284],[172.93409523809524,186.92876190476187],[172.93409523809524,187.92838095238093],[171.9344761904762,187.92838095238093],[171.9344761904762,188.928],[170.93485714285714,188.928],[170.93485714285714,189.92761904761903],[170.93485714285714,190.9272380952381],[170.93485714285714,191.92685714285713],[169.93523809523808,191.92685714285713],[168.935619047619,192.92647619047617],[168.935619047619,193.92609523809523],[167.93599999999998,193.92609523809523],[167.93599999999998,194.92571428571426],[167.93599999999998,195.9253333333333],[166.93638095238094,195.9253333333333],[166.93638095238094,196.9249523809524],[166.93638095238094,197.92457142857143],[165.9367619047619,197.92457142857143],[165.9367619047619,198.92419047619046],[164.93714285714285,198.92419047619046],[164.93714285714285,199.92380952380952],[164.93714285714285,200.92342857142856],[163.9375238095238,200.92342857142856],[163.9375238095238,201.9230476190476],[163.9375238095238,202.92266666666666],[162.93790476190478,202.92266666666666],[162.93790476190478,203.9222857142857],[162.93790476190478,204.92190476190473],[162.93790476190478,205.92152380952382],[161.9382857142857,206.92114285714285],[161.9382857142857,207.9207619047619],[161.9382857142857,208.92038095238095],[160.93866666666665,209.92],[160.93866666666665,210.91961904761902],[160.93866666666665,211.9192380952381],[160.93866666666665,212.91885714285712],[159.9390476190476,213.91847619047616],[159.9390476190476,214.91809523809525],[159.9390476190476,215.91771428571428],[159.9390476190476,217.91695238095238],[159.9390476190476,219.91619047619045],[158.93942857142855,220.91580952380951],[158.93942857142855,221.91542857142855],[158.93942857142855,222.91504761904758],[158.93942857142855,224.9142857142857],[158.93942857142855,225.91390476190475],[158.93942857142855,226.9135238095238],[158.93942857142855,227.91314285714284],[158.93942857142855,228.91276190476188],[158.93942857142855,230.91199999999998],[158.93942857142855,231.91161904761904],[158.93942857142855,233.91085714285714],[158.93942857142855,235.91009523809524],[158.93942857142855,236.90971428571427],[158.93942857142855,237.9093333333333],[158.93942857142855,238.90895238095234],[158.93942857142855,239.9085714285714],[158.93942857142855,240.90819047619047],[158.93942857142855,241.90780952380953],[158.93942857142855,243.9070476190476],[158.93942857142855,244.90666666666664],[158.93942857142855,245.9062857142857],[158.93942857142855,246.90590476190474],[158.93942857142855,247.90552380952377],[158.93942857142855,248.90514285714283],[158.93942857142855,251.904],[158.93942857142855,253.90323809523807],[159.9390476190476,253.90323809523807],[159.9390476190476,254.90285714285713],[159.9390476190476,255.90247619047616],[160.93866666666665,257.90171428571426],[160.93866666666665,258.90133333333335],[160.93866666666665,259.9009523809524],[160.93866666666665,260.9005714285714],[160.93866666666665,261.90019047619046],[160.93866666666665,262.8998095238095],[160.93866666666665,263.89942857142853],[161.9382857142857,265.89866666666666],[161.9382857142857,266.8982857142857],[161.9382857142857,267.8979047619048],[161.9382857142857,268.8975238095238],[162.93790476190478,269.89714285714285],[162.93790476190478,270.8967619047619],[162.93790476190478,271.8963809523809],[162.93790476190478,272.89599999999996],[162.93790476190478,273.895619047619],[163.9375238095238,274.8952380952381],[163.9375238095238,276.8944761904762],[163.9375238095238,277.89409523809525],[164.93714285714285,279.8933333333333],[164.93714285714285,280.89295238095235],[164.93714285714285,281.8925714285714],[165.9367619047619,282.8921904761904],[165.9367619047619,283.8918095238095],[166.93638095238094,284.89142857142855],[166.93638095238094,286.8906666666666],[167.93599999999998,287.89028571428565],[168.935619047619,288.8899047619048],[168.935619047619,290.8891428571429],[169.93523809523808,291.8887619047619],[170.93485714285714,293.888],[171.9344761904762,294.887619047619],[172.93409523809524,294.887619047619],[172.93409523809524,295.8872380952381],[173.93371428571427,295.8872380952381],[174.93333333333334,296.88685714285714],[174.93333333333334,297.8864761904762],[175.93295238095237,297.8864761904762],[176.9325714285714,298.8860952380952],[177.93219047619044,299.88571428571424],[178.9318095238095,299.88571428571424],[179.93142857142857,300.8853333333333],[180.93104761904763,300.8853333333333],[180.93104761904763,301.88495238095237],[181.93066666666667,301.88495238095237],[182.9302857142857,301.88495238095237],[183.92990476190474,302.8845714285714],[184.9295238095238,302.8845714285714],[185.92914285714284,303.88419047619044],[186.92876190476187,303.88419047619044],[188.928,303.88419047619044],[190.9272380952381,303.88419047619044],[191.92685714285713,303.88419047619044],[192.92647619047617,303.88419047619044],[193.92609523809523,303.88419047619044],[194.92571428571426,303.88419047619044],[195.9253333333333,303.88419047619044],[196.9249523809524,303.88419047619044],[197.92457142857143,303.88419047619044],[198.92419047619046,303.88419047619044],[199.92380952380952,303.88419047619044],[200.92342857142856,303.88419047619044],[201.9230476190476,303.88419047619044],[203.9222857142857,303.88419047619044],[204.92190476190473,302.8845714285714],[205.92152380952382,302.8845714285714],[206.92114285714285,302.8845714285714],[206.92114285714285,301.88495238095237],[208.92038095238095,301.88495238095237],[209.92,301.88495238095237],[210.91961904761902,301.88495238095237],[212.91885714285712,299.88571428571424],[213.91847619047616,299.88571428571424],[214.91809523809525,298.8860952380952],[217.91695238095238,297.8864761904762],[218.91657142857142,297.8864761904762],[218.91657142857142,296.88685714285714],[219.91619047619045,296.88685714285714],[220.91580952380951,295.8872380952381],[220.91580952380951,294.887619047619],[221.91542857142855,293.888],[222.91504761904758,293.888],[222.91504761904758,292.88838095238094],[222.91504761904758,291.8887619047619],[223.91466666666668,291.8887619047619],[224.9142857142857,290.8891428571429],[224.9142857142857,289.88952380952384],[225.91390476190475,289.88952380952384],[226.9135238095238,288.8899047619048],[226.9135238095238,287.89028571428565],[226.9135238095238,286.8906666666666],[227.91314285714284,285.8910476190476],[228.91276190476188,283.8918095238095],[229.91238095238094,283.8918095238095],[229.91238095238094,282.8921904761904],[229.91238095238094,281.8925714285714],[230.91199999999998,281.8925714285714],[230.91199999999998,280.89295238095235],[230.91199999999998,279.8933333333333],[231.91161904761904,278.8937142857143],[231.91161904761904,277.89409523809525],[232.9112380952381,276.8944761904762],[232.9112380952381,275.8948571428571],