{"imgWidth" : 472, "imgHeight" :484, "path" :[
[[182.996,173],[183,173],[184,173],[185,173],[186,173],[187,173],[188,173],[189,173],[190,173],[191,173],[192,173],[193,173],[194,173],[195,173],[196,173],[197,173],[198,173],[199,173],[200,173],[201,173],[202,173],[203,173],[204,173],[205,173],[206,173],[207,173],[208,173],[209,173],[210,173],[211,173],[212,173],[213,173],[214,173],[215,173],[216,173],[217,173],[218,173],[219,173],[220,173],[221,173],[222,173],[223,173],[224,173],[225,173],[226,173],[227,173],[228,173],[229,173],[230.004,173]],
[[157.996,209],[158,209],[159,209],[160,209],[161,209],[162,209],[163,209],[164,209],[165,209],[166,209],[167,209],[168,209],[169,209],[170,209],[171,209],[172,209],[173,209],[174,209],[175,209],[176,209],[177,209],[178,209],[179,209],[180,209],[181,209],[182,209],[183,209],[184,209],[185,209],[186,209],[187,209],[188,209],[189,209],[190,209],[191,209],[192,209],[193,209],[194,209],[195,209],[196,209],[197,209],[198,209],[199,209],[200,209],[201,209],[202,209],[203,209],[204,209],[205,209],[206,209],[207,209],[208,209],[209,209],[210,209],[211,209],[212,209],[213,209],[214,209],[215,209],[216,209],[217,209],[218,209],[219,209],[220,209],[221,209],[222,209],[223,209],[224,209],[225,209],[226,209],[227,209],[228,209],[229,209],[230,209],[231,209],[232,209],[233,209],[234,209],[235,209],[236,209],[237,209],[238,209],[239,209],[240,209],[241,209],[242,209],[243,209],[244,209],[245,209],[246,209],[247,209],[248,209],[249,209],[250,209],[251,209],[252,209],[253,209],[254,209],[255,209],[256,209],[257.004,209]],
[[210.004,238.1999969482422],[210,238.1999969482422],[209,238.1999969482422],[208,238.1999969482422],[206,239.1999969482422],[205,239.1999969482422],[204,239.1999969482422],[203,239.1999969482422],[202,239.1999969482422],[201,239.1999969482422],[200,239.1999969482422],[199,239.1999969482422],[198,239.1999969482422],[198,240.1999969482422],[197,240.1999969482422],[196,240.1999969482422],[195,240.1999969482422],[194,240.1999969482422],[193,241.1999969482422],[192,241.1999969482422],[191,241.1999969482422],[191,242.1999969482422],[190,242.1999969482422],[189,242.1999969482422],[189,243.1999969482422],[188,243.1999969482422],[187,243.1999969482422],[187,244.1999969482422],[186,244.1999969482422],[185,245.1999969482422],[183,246.1999969482422],[183,247.1999969482422],[182,247.1999969482422],[181,248.1999969482422],[181,249.1999969482422],[180,249.1999969482422],[180,250.1999969482422],[179,250.1999969482422],[179,251.1999969482422],[178,252.1999969482422],[177,253.1999969482422],[177,254.1999969482422],[176,254.1999969482422],[176,255.1999969482422],[176,256.1999969482422],[175,256.1999969482422],[175,257.1999969482422],[175,258.1999969482422],[174,258.1999969482422],[174,259.1999969482422],[173,260.1999969482422],[173,261.1999969482422],[172,262.1999969482422],[172,263.1999969482422],[172,264.1999969482422],[171,264.1999969482422],[171,265.1999969482422],[171,266.1999969482422],[171,267.1999969482422],[171,268.1999969482422],[171,269.1999969482422],[171,270.1999969482422],[171,271.1999969482422],[171,272.1999969482422],[171,273.1999969482422],[171,274.1999969482422],[171,275.1999969482422],[171,276.1999969482422],[171,277.1999969482422],[171,278.1999969482422],[172,278.1999969482422],[172,279.1999969482422],[172,280.1999969482422],[172,281.1999969482422],[172,282.1999969482422],[173,283.1999969482422],[173,284.1999969482422],[173,285.1999969482422],[174,286.1999969482422],[174,287.1999969482422],[175,288.1999969482422],[175,289.1999969482422],[175,290.1999969482422],[176,290.1999969482422],[176,291.1999969482422],[177,292.1999969482422],[177,293.1999969482422],[178,293.1999969482422],[178,294.1999969482422],[179,294.1999969482422],[179,295.1999969482422],[179,296.1999969482422],[180,296.1999969482422],[180,297.1999969482422],[181,297.1999969482422],[181,298.1999969482422],[182,298.1999969482422],[182,299.1999969482422],[183,299.1999969482422],[183,300.1999969482422],[184,300.1999969482422],[184,301.1999969482422],[185,302.1999969482422],[186,303.1999969482422],[187,304.1999969482422],[188,304.1999969482422],[189,305.1999969482422],[190,305.1999969482422],[191,306.1999969482422],[192,306.1999969482422],[193,306.1999969482422],[193,307.1999969482422],[194,307.1999969482422],[195,307.1999969482422],[196,308.1999969482422],[197,308.1999969482422],[198,308.1999969482422],[199,308.1999969482422],[200,309.1999969482422],[201,309.1999969482422],[202,309.1999969482422],[203,309.1999969482422],[204,309.1999969482422],[205,309.1999969482422],[206,309.1999969482422],[207,309.1999969482422],[208,309.1999969482422],[209,309.1999969482422],[210,309.1999969482422],[211,309.1999969482422],[212,309.1999969482422],[213,309.1999969482422],[214,309.1999969482422],[214,308.1999969482422],[215,308.1999969482422],[216,308.1999969482422],[217,308.1999969482422],[218,308.1999969482422],[219,308.1999969482422],[219,307.1999969482422],[220,307.1999969482422],[221,307.1999969482422],[222,306.1999969482422],[223,306.1999969482422],[223,305.1999969482422],[224,305.1999969482422],[225,305.1999969482422],[225,304.1999969482422],[226,304.1999969482422],[227,303.1999969482422],[228,303.1999969482422],[228,302.1999969482422],[229,302.1999969482422],[230,301.1999969482422],[231,301.1999969482422],[231,300.1999969482422],[232,300.1999969482422],[232,299.1999969482422],[233,299.1999969482422],[233,298.1999969482422],[234,298.1999969482422],[235,297.1999969482422],[235,296.1999969482422],[236,296.1999969482422],[236,295.1999969482422],[237,294.1999969482422],[238,294.1999969482422],[238,293.1999969482422],[238,292.1999969482422],[239,292.1999969482422],[239,291.1999969482422],[240,291.1999969482422],[240,290.1999969482422],[240,289.1999969482422],[241,289.1999969482422],[241,288.1999969482422],[242,288.1999969482422],[242,287.1999969482422],[242,286.1999969482422],[243,286.1999969482422],[243,285.1999969482422],[243,284.1999969482422],[243,283.1999969482422],[244,283.1999969482422],[244,282.1999969482422],[244,281.1999969482422],[245,280.1999969482422],[245,279.1999969482422],[245,278.1999969482422],[245,277.1999969482422],[246,276.1999969482422],[246,275.1999969482422],[246,274.1999969482422],[246,273.1999969482422],[246,272.1999969482422],[246,271.1999969482422],[246,270.1999969482422],[246,269.1999969482422],[245,268.1999969482422],[245,267.1999969482422],[245,266.1999969482422],[245,265.1999969482422],[244,265.1999969482422],[244,264.1999969482422],[244,263.1999969482422],[243,262.1999969482422],[243,261.1999969482422],[243,260.1999969482422],[242,260.1999969482422],[242,259.1999969482422],[242,258.1999969482422],[241,258.1999969482422],[241,257.1999969482422],[241,256.1999969482422],[240,255.1999969482422],[240,254.1999969482422],[239,254.1999969482422],[239,253.1999969482422],[238,252.1999969482422],[236,251.1999969482422],[235,250.1999969482422],[235,249.1999969482422],[234,249.1999969482422],[234,248.1999969482422],[233,248.1999969482422],[233,247.1999969482422],[232,246.1999969482422],[231,246.1999969482422],[231,245.1999969482422],[230,245.1999969482422],[230,244.1999969482422],[229,244.1999969482422],[228,243.1999969482422],[227,243.1999969482422],[227,242.1999969482422],[226,242.1999969482422],[225,241.1999969482422],[224,241.1999969482422],[223,241.1999969482422],[223,240.1999969482422],[222,240.1999969482422],[221,240.1999969482422],[220,240.1999969482422],[219,240.1999969482422],[218,240.1999969482422],[216,240.1999969482422],[215,240.1999969482422],[214,240.1999969482422],[214,239.1999969482422],[213,239.1999969482422],[212,239.1999969482422],[211,239.1999969482422],[210,239.1999969482422],[209,239.1999969482422],[208,239.1999969482422],[206.996,239.1999969482422]],
