{"imgWidth" : 473, "imgHeight" :473, "path" :[
[[158.91599816894532,190.36000061035156],[158.9199981689453,190.36000061035156],[159.9199981689453,190.36000061035156],[160.9199981689453,190.36000061035156],[161.9199981689453,190.36000061035156],[162.9199981689453,190.36000061035156],[163.9199981689453,190.36000061035156],[165.9199981689453,190.36000061035156],[166.9199981689453,190.36000061035156],[167.9199981689453,190.36000061035156],[168.9199981689453,190.36000061035156],[170.9199981689453,190.36000061035156],[171.9199981689453,190.36000061035156],[172.9199981689453,190.36000061035156],[173.9199981689453,190.36000061035156],[174.9199981689453,190.36000061035156],[175.9199981689453,190.36000061035156],[176.9199981689453,190.36000061035156],[178.9199981689453,190.36000061035156],[179.9199981689453,190.36000061035156],[180.9199981689453,190.36000061035156],[182.9199981689453,190.36000061035156],[183.9199981689453,190.36000061035156],[184.9199981689453,190.36000061035156],[185.9199981689453,190.36000061035156],[186.9199981689453,190.36000061035156],[187.9199981689453,190.36000061035156],[188.9199981689453,190.36000061035156],[190.9199981689453,190.36000061035156],[191.9199981689453,190.36000061035156],[193.9199981689453,190.36000061035156],[194.9199981689453,190.36000061035156],[195.9199981689453,190.36000061035156],[196.9199981689453,190.36000061035156],[197.9199981689453,190.36000061035156],[198.9199981689453,190.36000061035156],[199.9199981689453,190.36000061035156],[200.9199981689453,190.36000061035156],[201.9199981689453,190.36000061035156],[202.9199981689453,190.36000061035156],[204.9199981689453,190.36000061035156],[206.9199981689453,190.36000061035156],[207.9199981689453,190.36000061035156],[208.9199981689453,190.36000061035156],[209.9199981689453,190.36000061035156],[211.9199981689453,190.36000061035156],[212.9199981689453,190.36000061035156],[213.9199981689453,190.36000061035156],[215.9199981689453,190.36000061035156],[216.9199981689453,190.36000061035156],[217.9199981689453,190.36000061035156],[218.9199981689453,190.36000061035156],[219.9199981689453,190.36000061035156],[220.9199981689453,190.36000061035156],[221.9199981689453,190.36000061035156],[222.9199981689453,190.36000061035156],[224.9199981689453,190.36000061035156],[225.9199981689453,190.36000061035156],[226.9199981689453,190.36000061035156],[227.9199981689453,190.36000061035156],[228.9199981689453,190.36000061035156],[229.9199981689453,190.36000061035156],[230.9199981689453,190.36000061035156],[231.9199981689453,190.36000061035156],[232.9199981689453,190.36000061035156],[233.9199981689453,190.36000061035156],[234.9199981689453,190.36000061035156],[235.9199981689453,190.36000061035156],[236.9199981689453,190.36000061035156],[237.9199981689453,190.36000061035156],[238.9199981689453,190.36000061035156],[239.9199981689453,190.36000061035156],[240.91999816894534,190.36000061035156],[241.91999816894534,190.36000061035156],[242.91999816894534,190.36000061035156],[243.9199981689453,190.36000061035156],[244.9199981689453,190.36000061035156],[245.9199981689453,190.36000061035156],[246.9199981689453,190.36000061035156],[248.9199981689453,190.36000061035156],[249.9199981689453,190.36000061035156],[250.9199981689453,190.36000061035156],[251.9199981689453,190.36000061035156],[252.91999816894528,190.36000061035156],[253.91999816894528,190.36000061035156],[254.91999816894528,190.36000061035156],[255.91999816894534,190.36000061035156],[256.9199981689453,190.36000061035156],[257.9199981689453,190.36000061035156],[258.9199981689453,190.36000061035156],[259.9199981689453,190.36000061035156],[260.9199981689453,190.36000061035156],[261.9199981689453,190.36000061035156],[262.9199981689453,190.36000061035156],[263.9199981689453,190.36000061035156],[264.9199981689453,190.36000061035156],[265.9199981689453,190.36000061035156],[266.9199981689453,190.36000061035156],[267.9199981689453,190.36000061035156],[268.9199981689453,190.36000061035156],[269.9199981689453,190.36000061035156],[270.9199981689453,190.36000061035156],[271.9199981689453,190.36000061035156],[272.9199981689453,190.36000061035156],[273.9199981689453,190.36000061035156],[274.9199981689453,190.36000061035156],[275.9199981689453,190.36000061035156],[276.9199981689453,190.36000061035156],[277.9199981689453,190.36000061035156],[278.9199981689453,190.36000061035156],[279.9199981689453,190.36000061035156],[281.9199981689453,190.36000061035156],[282.9199981689453,190.36000061035156],[283.9199981689453,190.36000061035156],[284.9199981689453,190.36000061035156],[285.9199981689453,190.36000061035156],[286.9199981689453,190.36000061035156],[288.9199981689453,190.36000061035156],[290.9199981689453,190.36000061035156],[291.9199981689453,190.36000061035156],[292.9199981689453,190.36000061035156],[293.9199981689453,190.36000061035156],[294.9199981689453,190.36000061035156],[295.9199981689453,190.36000061035156],[296.9199981689453,190.36000061035156],[297.9199981689453,190.36000061035156],[298.9199981689453,190.36000061035156],[299.9199981689453,190.36000061035156],[300.9199981689453,190.36000061035156],[301.9199981689453,190.36000061035156],[302.9199981689453,190.36000061035156],[303.9199981689453,190.36000061035156],[304.9199981689453,190.36000061035156],[305.9199981689453,190.36000061035156],[306.9199981689453,190.36000061035156],[307.9199981689453,190.36000061035156],[308.9199981689453,190.36000061035156],[309.9199981689453,190.36000061035156],[310.9199981689453,190.36000061035156],[311.9199981689453,190.36000061035156],[312.92399816894533,190.36000061035156]],
[[238,190.91599816894532],[238,190.9199981689453],[237,191.9199981689453],[237,192.9199981689453],[237,193.9199981689453],[236,193.9199981689453],[236,195.9199981689453],[236,197.9199981689453],[235,198.9199981689453],[235,199.9199981689453],[235,200.9199981689453],[234,201.9199981689453],[234,202.9199981689453],[233,203.9199981689453],[233,206.9199981689453],[232,207.9199981689453],[231,209.9199981689453],[230,211.9199981689453],[229,212.9199981689453],[228,215.9199981689453],[227,218.9199981689453],[225,220.9199981689453],[225,222.9199981689453],[223,223.9199981689453],[222,225.9199981689453],[221,226.9199981689453],[220,228.9199981689453],[219,230.9199981689453],[218,231.9199981689453],[217,233.9199981689453],[214,236.9199981689453],[214,237.9199981689453],[212,238.9199981689453],[211,240.91999816894534],[210,241.91999816894534],[209,242.91999816894534],[208,244.9199981689453],[207,246.9199981689453],[205,247.9199981689453],[204,248.9199981689453],[203,249.9199981689453],[201,251.9199981689453],[201,252.91999816894528],[198,254.91999816894528],[196,256.9199981689453],[195,257.9199981689453],[194,258.9199981689453],[192,259.9199981689453],[191,260.9199981689453],[190,261.9199981689453],[189,261.9199981689453],[188,262.9199981689453],[187,263.9199981689453],[185,264.9199981689453],[182,266.9199981689453],[180,267.9199981689453],[179,268.9199981689453],[178,269.9199981689453],[177,269.9199981689453],[176,270.9199981689453],[174,271.9199981689453],[173,272.9199981689453],[172,272.9199981689453],[171,273.9199981689453],[170,273.9199981689453],[168,274.9199981689453],[167,274.9199981689453],[167,275.9199981689453],[166,275.9199981689453],[164.996,275.9199981689453]],
