{"imgWidth" : 472, "imgHeight" :484, "path" :[
[[167.51600001072885,182.95999908447266],[167.52000001072884,182.95999908447266],[168.52000001072884,182.95999908447266],[172.52000001072884,182.95999908447266],[175.52000001072884,182.95999908447266],[177.52000001072884,182.95999908447266],[180.52000001072884,182.95999908447266],[183.52000001072884,182.95999908447266],[185.52000001072884,182.95999908447266],[188.52000001072884,182.95999908447266],[190.52000001072884,182.95999908447266],[192.52000001072884,182.95999908447266],[194.52000001072884,182.95999908447266],[197.52000001072884,182.95999908447266],[200.52000001072884,182.95999908447266],[204.52000001072884,182.95999908447266],[206.52000001072884,182.95999908447266],[211.52000001072884,182.95999908447266],[214.52000001072884,182.95999908447266],[216.52000001072884,182.95999908447266],[219.52000001072884,182.95999908447266],[221.52000001072884,182.95999908447266],[222.52000001072884,182.95999908447266],[223.52000001072884,182.95999908447266],[225.52000001072884,182.95999908447266],[228.52000001072884,182.95999908447266],[229.52000001072884,182.95999908447266],[230.52000001072884,182.95999908447266],[231.52000001072884,182.95999908447266],[232.52000001072884,182.95999908447266],[233.52000001072884,182.95999908447266],[234.52000001072884,182.95999908447266],[235.52000001072884,182.95999908447266],[236.52000001072884,182.95999908447266],[237.52000001072884,182.95999908447266],[238.52000001072884,182.95999908447266],[239.52000001072884,182.95999908447266],[240.52000001072884,182.95999908447266],[241.52000001072884,182.95999908447266],[242.52000001072884,182.95999908447266],[244.52000001072884,182.95999908447266],[245.52000001072884,182.95999908447266],[246.52000001072884,182.95999908447266],[247.52000001072884,182.95999908447266],[249.52000001072884,182.95999908447266],[250.52000001072884,182.95999908447266],[251.52000001072884,182.95999908447266],[252.52000001072884,182.95999908447266],[253.52400001072883,182.95999908447266]],
[[210,182.91599816894532],[210,182.9199981689453],[210,183.9199981689453],[210,184.9199981689453],[210,185.9199981689453],[210,186.9199981689453],[210,187.9199981689453],[210,188.9199981689453],[210,189.9199981689453],[210,191.9199981689453],[210,193.9199981689453],[210,194.9199981689453],[210,195.9199981689453],[210,197.9199981689453],[210,199.9199981689453],[210,200.9199981689453],[209,202.9199981689453],[209,203.9199981689453],[209,204.9199981689453],[209,205.9199981689453],[209,206.9199981689453],[209,208.9199981689453],[209,209.9199981689453],[209,210.9199981689453],[209,211.9199981689453],[209,214.9199981689453],[208,215.9199981689453],[208,217.9199981689453],[208,219.9199981689453],[208,221.9199981689453],[207,223.9199981689453],[206,227.9199981689453],[206,230.9199981689453],[205,232.9199981689453],[204,235.9199981689453],[203,238.9199981689453],[201,243.9199981689453],[200,247.9199981689453],[198,250.9199981689453],[197,254.9199981689453],[194,260.9199981689453],[191,266.9199981689453],[188,270.9199981689453],[187,273.9199981689453],[185,276.9199981689453],[183,278.9199981689453],[182,281.9199981689453],[179,285.9199981689453],[177,288.9199981689453],[176,289.9199981689453],[176,290.9199981689453],[175,291.9199981689453],[175,292.9199981689453],[174,292.9199981689453],[174,293.9199981689453],[173,293.9199981689453],[173,294.9199981689453],[172,294.9199981689453],[172,295.9199981689453],[170.996,295.9199981689453]],
[[210,186.39600915527345],[210,186.40000915527344],[210,187.40000915527344],[210,189.40000915527344],[210,190.40000915527344],[210,192.40000915527344],[210,193.40000915527344],[210,195.40000915527344],[211,198.40000915527344],[211,202.40000915527344],[212,207.40000915527344],[213,214.40000915527344],[214,220.40000915527344],[215,225.40000915527344],[217,230.40000915527344],[219,237.40000915527344],[222,244.40000915527344],[224,250.40000915527344],[228,256.40000915527344],[232,264.40000915527344],[236,272.40000915527344],[241,279.40000915527344],[245,284.40000915527344],[251,291.40000915527344],[252.004,292.40400915527346]],
[[294,170.79600305175782],[294,170.8000030517578],[294,171.8000030517578],[294,196.8000030517578],[294,197.8000030517578],[294,198.8000030517578],[294,199.8000030517578],[294,200.8000030517578],[294,201.8000030517578],[294,202.8000030517578],[294,203.8000030517578],[294,205.1999969482422],[294,223],[294,228.8000030517578],[294,229.8000030517578],[294,230.8000030517578],[294,231.8000030517578],[294,232.8000030517578],[294,233.8000030517578],[294,234.8000030517578],[294,260.8000030517578],[294,261.8000030517578],[294,262.8000030517578],[294,288.8000030517578],[294,289.8000030517578],[294,290.8000030517578],[294,291.8000030517578],[294,292.8000030517578],[294,293.8000030517578],[294,318.8000183105469],[294,319.8000183105469],[294,320.8000183105469],[294,321.8000183105469],[294,322.8040183105469]],
[[294.996,249.8000030517578],[295,249.8000030517578],[296,249.8000030517578],[298,249.8000030517578],[300,249.8000030517578],[303,249.8000030517578],[306,249.8000030517578],[311,249.8000030517578],[316,249.8000030517578],[320,249.8000030517578],[322.004,249.8000030517578]]
]}