{"imgWidth" : 472, "imgHeight" :484, "path" :[
[[167.52457160568238,179],[167.52857160568237,179],[168.52857160568237,179],[170.52857160568237,179],[176.52857160568237,179],[181.52857160568237,179],[186.52857160568237,179],[189.52857160568237,179],[193.52857160568237,179],[197.52857160568237,179],[200.52857160568237,179],[204.52857160568237,179],[205.52857160568237,179],[206.52857160568237,179],[209.52857160568237,179],[213.52857160568237,179],[215.52857160568237,179],[219.52857160568237,179],[221.52857160568237,179],[223.52857160568237,179],[225.52857160568237,179],[227.52857160568237,179],[229.52857160568237,179],[232.52857160568237,179],[234.52857160568237,179],[236.52857160568237,179],[237.52857160568237,179],[238.52857160568237,179],[239.52857160568237,179],[240.52857160568237,179],[241.52857160568237,179],[242.52857160568237,178],[243.52857160568237,178],[243.52857160568237,179],[243.52857160568237,180],[243.52857160568237,181],[243.52857160568237,182],[243.52857160568237,183],[243.52857160568237,185],[243.52857160568237,187],[243.52857160568237,190],[243.52857160568237,193],[242.52857160568237,197],[241.52857160568237,200],[239.52857160568237,207],[238.52857160568237,213],[234.52857160568237,222],[231.52857160568237,229],[229.52857160568237,236],[225.52857160568237,242],[222.52857160568237,247],[219.52857160568237,252],[215.52857160568237,260],[209.52857160568237,267],[203.52857160568237,275],[198.52857160568237,280],[190.52857160568237,288],[186.52857160568237,291],[183.52857160568237,294],[181.52457160568238,295.004]],
[[174.52457160568238,230],[174.52857160568237,230],[175.52857160568237,230],[178.52857160568237,230],[182.52857160568237,230],[184.52857160568237,230],[186.52857160568237,230],[188.52857160568237,230],[192.52857160568237,230],[197.52857160568237,230],[203.52857160568237,230],[209.52857160568237,230],[218.52857160568237,230],[224.52857160568237,230],[229.52857160568237,230],[230.52857160568237,230],[231.52857160568237,230],[232.52857160568237,230],[233.53257160568236,230]],
[[295,172.996],[295,173],[295,174],[295,175],[295,176],[295,177],[295,178],[295,179],[295,180],[295,181],[295,182],[295,183],[295,227],[295,233.1999969482422],[295,234],[295,235],[295,236],[295,237],[295,238],[295,239],[295,240],[295,243],[295,246.1999969482422],[295,292],[295,293],[295,294],[295,295],[295,296],[295,297],[295,298],[295,299],[295,300],[295,301],[295,302],[295,303],[295,304],[295,305],[295,306],[295,307],[295,308],[295,309],[295,310],[295,311],[295,312],[295,313],[295,314],[295,315],[295,316],[295,317],[295,318],[295,319],[295,320],[295,321],[295,322],[295,323],[295,324],[295,325],[295,326],[295,327],[295,328],[295,329],[295,330.004]],
[[294.996,251],[295,251],[297,251],[299,251],[301,251],[303,251],[306,251],[308,251],[311,251],[314,251],[317,251],[321,251],[323,251],[327,251],[328.004,251]]
]}