{"imgWidth" : 472, "imgHeight" :472, "path" :[
[[196.9249523809524,185.29681092180525],[196.9249523809524,185.30081092180524],[196.9249523809524,186.30042996942427],[196.9249523809524,187.30004901704334],[196.9249523809524,188.29966806466237],[196.9249523809524,189.2992871122814],[195.9253333333333,190.29890615990047],[195.9253333333333,191.29852520751953],[195.9253333333333,192.29814425513857],[195.9253333333333,193.29776330275763],[195.9253333333333,194.29738235037667],[194.92571428571426,195.2970013979957],[193.92609523809523,196.29662044561476],[193.92609523809523,197.2962394932338],[192.92647619047617,199.29547758847193],[191.92685714285713,200.29509663609096],[191.92685714285713,202.29433473132906],[190.9272380952381,204.29357282656713],[189.92761904761903,207.29242996942426],[188.928,208.29204901704335],[187.92838095238093,210.29128711228142],[187.92838095238093,212.29052520751952],[186.92876190476187,213.29014425513856],[185.92914285714284,215.28938235037666],[184.9295238095238,216.2890013979957],[183.92990476190474,218.28823949323382],[182.9302857142857,220.28747758847192],[181.93066666666667,222.28671568370999],[179.93142857142857,226.2851918741862],[177.93219047619044,228.28442996942428],[176.9325714285714,229.28404901704332],[176.9325714285714,230.28366806466238],[175.93295238095237,232.28290615990045],[174.93333333333334,233.2825252075195],[173.93371428571427,235.2817633027576],[171.9344761904762,237.2810013979957],[170.93485714285714,239.2802394932338],[169.93523809523808,241.27947758847188],[168.935619047619,242.27909663609094],[167.93599999999998,244.27833473132904],[164.93714285714285,248.27681092180524],[163.9375238095238,250.2760490170433],[161.9382857142857,253.27490615990047],[159.9390476190476,254.27452520751953],[157.93980952380952,257.27338235037666],[156.94019047619048,258.2730013979957],[155.94057142857142,260.27223949323377],[154.94095238095238,260.27223949323377],[152.94171428571426,262.2714775884719],[152.94171428571426,263.27109663609093],[151.94209523809522,264.27071568370997],[149.94285714285712,265.27033473132906],[148.9432380952381,267.2695728265671],[147.94361904761905,267.2695728265671],[146.944,268.26919187418616],[146.944,269.26881092180525],[145.94438095238095,269.26881092180525],[144.94476190476192,270.2684299694243],[143.94514285714283,270.2684299694243],[143.94514285714283,271.2680490170433],[142.9415238095238,271.2680490170433]],
[[191.92683761904962,202.91864602430766],[191.92683761904962,202.92264602430765],[191.92683761904962,203.9222649702402],[191.92683761904962,204.92188391617276],[192.92645656498217,205.9215028621053],[192.92645656498217,206.92112180803787],[193.9260755109147,207.92074075397042],[194.92569445684725,209.9199786458355],[194.92569445684725,210.91959759176805],[194.92569445684725,211.9192165377006],[195.9253134027798,212.91883548363316],[196.9249323487124,213.9184544295657],[197.9245512946449,214.91807337549827],[198.92417024057747,216.91731126736337],[199.92378918651002,218.91654915922845],[200.92340813244257,220.91578705109356],[201.9230270783751,222.91502494295864],[203.9222649702402,224.91426283482377],[204.92188391617276,226.91350072668885],[205.9215028621053,227.9131196726214],[206.92112180803787,228.91273861855396],[207.92074075397042,229.9123575644865],[208.92035969990297,231.91159545635162],[209.9199786458355,231.91159545635162],[211.9192165377006,234.91045229414928],[211.9192165377006,235.9100712400818],[213.9184544295657,236.90969018601436],[214.91807337549827,238.90892807787947],[215.91769232143082,238.90892807787947],[216.91731126736337,239.908547023812],[217.91693021329593,241.90778491567713],[218.91654915922845,242.90740386160968],[219.916168105161,243.9070228075422],[220.91578705109356,244.90664175347476],[222.91502494295864,245.9062606994073],[224.91426283482377,247.90549859127242],[225.91388178075633,248.90511753720494],[226.91350072668885,249.90473648313753],[227.9131196726214,250.90435542907008],[227.9131196726214,251.90397437500263],[229.9123575644865,251.90397437500263],[230.91197651041907,252.90359332093516],[231.91159545635162,253.9032122668677],[232.91121440228417,254.90283121280027],[233.91083334821673,255.90245015873282],[234.91045229414928,256.9020691046654],[235.9100712400818,257.9016880505979],[236.90969018601436,258.9013069965305],[237.9093091319469,258.9013069965305],[238.90892807787947,259.900925942463],[239.908547023812,259.900925942463],[239.908547023812,260.9005448883956],[240.90816596974457,260.9005448883956],[241.90778491567713,261.9001638343281],[242.90740386160968,262.8997827802607],[243.9070228075422,262.8997827802607],[244.90664175347476,263.8994017261932],[245.9062606994073,263.8994017261932],[246.90987964533986,263.8994017261932]],
[[296.89082694196736,190.92321867311708],[296.88682694196734,190.92721867311707],[296.88682694196734,191.92683761904962],[295.8872079960348,192.92645656498217],[295.8872079960348,194.92569445684725],[295.8872079960348,195.9253134027798],[294.8875890501023,196.9249323487124],[294.8875890501023,197.9245512946449],[294.8875890501023,198.92417024057747],[293.8879701041697,199.92378918651002],[292.8883511582372,200.92340813244257],[292.8883511582372,201.9230270783751],[292.8883511582372,202.92264602430765],[292.8883511582372,203.9222649702402],[292.8883511582372,204.92188391617276],[291.88873221230466,204.92188391617276],[291.88873221230466,205.9215028621053],[291.88873221230466,206.92112180803787],[290.8891132663721,207.92074075397042],[289.88949432043955,208.92035969990297],[289.88949432043955,210.91959759176805],[288.88987537450697,211.9192165377006],[288.88987537450697,212.91883548363316],[287.8902564285744,214.91807337549827],[287.8902564285744,215.91769232143082],[286.89063748264186,216.91731126736337],[286.89063748264186,218.91654915922845],[284.89139959077676,220.91578705109356],[284.89139959077676,221.9154059970261],[282.89216169891165,223.91464388889122],[281.8925427529791,227.9131196726214],[280.89292380704654,229.9123575644865],[279.893304861114,230.91197651041907],[278.8936859151815,231.91159545635162],[277.8940669692489,234.91045229414928],[275.8948290773838,235.9100712400818],[274.8952101314513,237.9093091319469],[272.8959722395862,239.908547023812],[271.8963532936536,240.90816596974457],[270.89673434772106,242.90740386160968],[268.89749645585596,244.90664175347476],[267.89787750992343,247.90549859127242],[266.8982585639909,248.90511753720494],[264.89902067212574,250.90435542907008],[263.8994017261932,252.90359332093516],[262.8997827802607,253.9032122668677],[260.9005448883956,254.90283121280027],[260.9005448883956,255.90245015873282],[259.900925942463,256.9020691046654],[258.9013069965305,257.9016880505979],[256.9020691046654,258.9013069965305],[255.90245015873282,259.900925942463],[253.9032122668677,261.9001638343281],[252.90359332093516,262.8997827802607],[251.90397437500263,264.89902067212574],[250.90435542907008,264.89902067212574],[249.90473648313753,266.8982585639909],[248.90511753720494,266.8982585639909],[247.90549859127242,267.89787750992343],[246.90587964533987,268.89749645585596],[246.90587964533987,269.89711540178854],[244.90664175347476,269.89711540178854],[244.90664175347476,270.89673434772106],[242.90740386160968,271.8963532936536],[242.90740386160968,272.8959722395862],[241.90778491567713,272.8959722395862],[241.90778491567713,273.8955911855187],[240.90816596974457,274.8952101314513],[239.908547023812,275.8948290773838],[238.90492807787948,275.8948290773838]],
