{"imgWidth" : 473, "imgHeight" :473, "path" :[
[[206.996,169.36000061035156],[207,169.36000061035156],[208,169.36000061035156],[209,169.36000061035156],[210,169.36000061035156],[211,169.36000061035156],[212,169.36000061035156],[213,169.36000061035156],[214,169.36000061035156],[215,169.36000061035156],[216,169.36000061035156],[217,169.36000061035156],[218,169.36000061035156],[219,169.36000061035156],[221,169.36000061035156],[222,169.36000061035156],[224,169.36000061035156],[225,169.36000061035156],[227,169.36000061035156],[228,169.36000061035156],[229,169.36000061035156],[230,169.36000061035156],[231,169.36000061035156],[233,169.36000061035156],[234,169.36000061035156],[235,169.36000061035156],[236,169.36000061035156],[237,169.36000061035156],[238,169.36000061035156],[239,169.36000061035156],[240,169.36000061035156],[241,169.36000061035156],[242,169.36000061035156],[243,169.36000061035156],[244,169.36000061035156],[245,169.36000061035156],[246,169.36000061035156],[247,169.36000061035156],[248,169.36000061035156],[249,169.36000061035156],[250,169.36000061035156],[251,169.36000061035156],[252,169.36000061035156],[253,169.36000061035156],[254,169.36000061035156],[255,169.36000061035156],[256,169.36000061035156],[257,169.36000061035156],[258,169.36000061035156],[259,169.36000061035156],[260,169.36000061035156],[261,169.36000061035156],[262,169.36000061035156],[263,169.36000061035156],[264,169.36000061035156],[265,169.36000061035156],[266,169.36000061035156],[267,169.36000061035156],[268,169.36000061035156],[269,169.36000061035156],[270.004,169.36000061035156]],
[[157.996,215.36000061035156],[158,215.36000061035156],[159,215.36000061035156],[160,215.36000061035156],[161,215.36000061035156],[162,215.36000061035156],[163,215.36000061035156],[164,215.36000061035156],[166,215.36000061035156],[168,215.36000061035156],[169,215.36000061035156],[173,215.36000061035156],[175,215.36000061035156],[177,215.36000061035156],[180,215.36000061035156],[181,215.36000061035156],[183,215.36000061035156],[185,215.36000061035156],[187,215.36000061035156],[189,215.36000061035156],[191,215.36000061035156],[195,215.36000061035156],[197,215.36000061035156],[198,215.36000061035156],[199,215.36000061035156],[201,215.36000061035156],[202,215.36000061035156],[203,215.36000061035156],[204,215.36000061035156],[205,215.36000061035156],[206,215.36000061035156],[207,215.36000061035156],[210,215.36000061035156],[211,215.36000061035156],[212,215.36000061035156],[213,215.36000061035156],[214,215.36000061035156],[215,215.36000061035156],[216,215.36000061035156],[217,215.36000061035156],[218,215.36000061035156],[220,215.36000061035156],[221,215.36000061035156],[222,215.36000061035156],[224,215.36000061035156],[225,215.36000061035156],[226,215.36000061035156],[227,215.36000061035156],[228,215.36000061035156],[229,215.36000061035156],[230,215.36000061035156],[232,215.36000061035156],[233,215.36000061035156],[234,215.36000061035156],[235,215.36000061035156],[237,215.36000061035156],[238,215.36000061035156],[239,215.36000061035156],[241,215.36000061035156],[243,215.36000061035156],[247,215.36000061035156],[250,215.36000061035156],[253,215.36000061035156],[255,215.36000061035156],[257,215.36000061035156],[259,215.36000061035156],[260,215.36000061035156],[262,215.36000061035156],[263,215.36000061035156],[265,215.36000061035156],[266,215.36000061035156],[269,215.36000061035156],[270,215.36000061035156],[271,215.36000061035156],[272,215.36000061035156],[273,215.36000061035156],[275,215.36000061035156],[276,215.36000061035156],[277,215.36000061035156],[278,215.36000061035156],[279,215.36000061035156],[281,215.36000061035156],[284,215.36000061035156],[286,215.36000061035156],[288,215.36000061035156],[291,215.36000061035156],[293,215.36000061035156],[295,215.36000061035156],[297,215.36000061035156],[298,215.36000061035156],[299,215.36000061035156],[300,215.36000061035156],[301,215.36000061035156],[305,215.36000061035156],[307,215.36000061035156],[308,215.36000061035156],[310,215.36000061035156],[312,215.36000061035156],[315,215.36000061035156],[317,215.36000061035156],[318,215.36000061035156],[319,215.36000061035156],[320,215.36000061035156],[321,215.36000061035156],[323,215.36000061035156],[324,215.36000061035156],[325,215.36000061035156],[326,215.36000061035156],[327,215.36000061035156],[328,215.36000061035156],[329,215.36000061035156],[330.004,215.36000061035156]],
[[240.99997548421473,216.19599021403093],[240.99997548421473,216.19999021403092],[239.99997558593998,217.1999901123057],[239.99997558593998,218.19999001058045],[238.99997568766523,219.19998990885517],[238.99997568766523,220.19998980712995],[237.99997578939048,221.19998970540468],[237.99997578939048,222.19998960367943],[236.99997589111572,222.19998960367943],[236.99997589111572,223.1999895019542],[235.999975992841,224.19998940022893],[235.999975992841,225.19998929850368],[234.99997609456622,226.19998919677843],[234.99997609456622,227.19998909505318],[233.99997619629147,228.19998899332796],[232.99997629801675,230.19998878987744],[231.99997639974197,231.19998868815216],[231.99997639974197,233.1999884847017],[230.99997650146724,234.19998838297644],[229.99997660319247,236.19998817952592],[228.9999767049177,237.1999880778007],[227.999976806643,238.19998797607545],[226.9999769083682,240.19998777262495],[224.99997711181874,242.19998756917443],[223.99997721354396,243.1999874674492],[223.99997721354396,244.19998736572393],[222.99997731526923,245.19998726399868],[221.99997741699448,246.19998716227343],[220.99997751871973,248.19998695882296],[219.99997762044498,248.19998695882296],[218.99997772217023,250.19998675537244],[218.99997772217023,251.19998665364716],[215.999978027346,253.1999864501967],[214.99997812907122,253.1999864501967],[213.99997823079647,255.1999862467462],[211.99997843424697,256.19998614502094],[210.99997853597225,258.19998594157045],[208.99997873942272,259.19998583984517],[206.9999789428732,261.1999856363947],[204.99997914632374,262.19998553466945],[203.99997924804896,263.1999854329442],[202.99997934977424,264.19998533121895],[200.99997955322473,265.1999852294937],[199.99997965494998,266.1999851277684],[197.99997985840048,267.1999850260432],[194.99998016357623,269.1999848225927],[192.99998036702675,270.19998472086746],[190.99998057047725,272.1999845174169],[188.99998077392772,272.1999845174169],[187.999980875653,273.1999844156917],[185.9999810791035,274.1999843139664],[183.99998128255396,275.1999842122412],[182.99998138427924,276.1999841105159],[180.99998158772974,276.1999841105159],[178.99998179118023,277.1999840087907],[176.99998199463073,278.1999839070655],[172.99998240153175,279.1999838053402],[170.99998260498225,280.1999837036149],[169.9999827067075,281.19998360188964],[167.999982910158,281.19998360188964],[166.99998301188322,282.1999835001644],[165.9999831136085,282.1999835001644],[164.99998321533374,282.1999835001644],[163.99998331705896,283.1999833984392],[162.99998341878424,283.1999833984392],[161.9999835205095,283.1999833984392],[160.99598362223475,283.1999833984392]],
